{"loss": [1.367477536201477, 0.456028550863266, 0.2726474404335022, 0.18521374464035034, 0.13588052988052368, 0.11024264991283417, 0.0873086005449295, 0.07684456557035446, 0.06249276176095009, 0.05754518136382103], "accuracy": [0.5979230403900146, 0.8559499382972717, 0.9125969409942627, 0.9399815201759338, 0.9552599787712097, 0.9638950228691101, 0.9714062213897705, 0.9745501279830933, 0.9795718193054199, 0.9812362194061279], "val_loss": [0.5492067933082581, 0.3913111388683319, 0.24563898146152496, 0.1771700084209442, 0.16812323033809662, 0.1429358273744583, 0.12877821922302246, 0.11788158863782883, 0.1324729323387146, 0.15352067351341248], "val_accuracy": [0.8235260844230652, 0.8709310293197632, 0.9207261800765991, 0.9405872821807861, 0.9459936022758484, 0.9568063020706177, 0.9617573618888855, 0.965228796005249, 0.9627817273139954, 0.9556112289428711]}